Data Source;Indicadores del desarrollo mundial;Column1;_1;_2;_3;_4;_5;_6;_7;_8;_9;_10;_11;_12;_13;_14;_15;_16;_17;_18;_19;_20;_21;_22;_23;_24;_25;_26;_27;_28;_29;_30;_31;_32;_33;_34;_35;_36;_37;_38;_39;_40;_41;_42;_43;_44;_45;_46;_47;_48;_49;_50;_51;_52;_53;_54;_55;_56;_57;_58;_59;_60;_61;_62;_63;_64
;;;;;;;;;;;;;;;;;;;;;;;;;;;;;;;;;;;;;;;;;;;;;;;;;;;;;;;;;;;;;;;;;;
Last Updated Date;2022-09-16;;;;;;;;;;;;;;;;;;;;;;;;;;;;;;;;;;;;;;;;;;;;;;;;;;;;;;;;;;;;;;;;;
;;;;;;;;;;;;;;;;;;;;;;;;;;;;;;;;;;;;;;;;;;;;;;;;;;;;;;;;;;;;;;;;;;
Country Name;Country Code;Indicator Name;Indicator Code;1960;1961;1962;1963;1964;1965;1966;1967;1968;1969;1970;1971;1972;1973;1974;1975;1976;1977;1978;1979;1980;1981;1982;1983;1984;1985;1986;1987;1988;1989;1990;1991;1992;1993;1994;1995;1996;1997;1998;1999;2000;2001;2002;2003;2004;2005;2006;2007;2008;2009;2010;2011;2012;2013;2014;2015;2016;2017;2018;2019;2020;2021;
Aruba;ABW;Población que vive en barrios de tugurios (% de la población urbana);EN.POP.SLUM.UR.ZS;;;;;;;;;;;;;;;;;;;;;;;;;;;;;;;;;;;;;;;;;;;;;;;;;;;;;;;;;;;;;;;
;AFE;Población que vive en barrios de tugurios (% de la población urbana);EN.POP.SLUM.UR.ZS;;;;;;;;;;;;;;;;;;;;;;;;;;;;;;;60.30623256;;;;;58.1843452;;;;;58.58584485;;;;;61.17015172;;;;;55.65179742;;;;58.75439645;;57.19622486;;55.7709732;;;;
Afganistán;AFG;Población que vive en barrios de tugurios (% de la población urbana);EN.POP.SLUM.UR.ZS;;;;;;;;;;;;;;;;;;;;;;;;;;;;;;;;;;;;;;;;;;;;;;;;;;;;;;;62.70000076;;71.30000305;;70.69999695;;;;
;AFW;Población que vive en barrios de tugurios (% de la población urbana);EN.POP.SLUM.UR.ZS;;;;;;;;;;;;;;;;;;;;;;;;;;;;;;;73.20444531;;;;;69.06221167;;;;;64.9690479;;;;;61.58227157;;;;;59.20883786;;;;51.40394171;;51.43400813;;51.16813192;;;;
Angola;AGO;Población que vive en barrios de tugurios (% de la población urbana);EN.POP.SLUM.UR.ZS;;;;;;;;;;;;;;;;;;;;;;;;;;;;;;;;;;;;;;;;;86.5;;;;;86.5;;;;;65.80000305;;;;55.5;;48.79999924;;48.59999847;;;;
Albania;ALB;Población que vive en barrios de tugurios (% de la población urbana);EN.POP.SLUM.UR.ZS;;;;;;;;;;;;;;;;;;;;;;;;;;;;;;;;;;;;;;;;;;;;;;;;;;;;;;;;;;;;;;;
Andorra;AND;Población que vive en barrios de tugurios (% de la población urbana);EN.POP.SLUM.UR.ZS;;;;;;;;;;;;;;;;;;;;;;;;;;;;;;;;;;;;;;;;;;;;;;;;;;;;;;;;;;;;;;;
El mundo árabe;ARB;Población que vive en barrios de tugurios (% de la población urbana);EN.POP.SLUM.UR.ZS;;;;;;;;;;;;;;;;;;;;;;;;;;;;;;;;;;;;;;;;;;;;;;27.50426576;;;;;;;;;30.99289071;;31.34712962;;31.0559253;;;;
Emiratos Árabes Unidos;ARE;Población que vive en barrios de tugurios (% de la población urbana);EN.POP.SLUM.UR.ZS;;;;;;;;;;;;;;;;;;;;;;;;;;;;;;;;;;;;;;;;;;;;;;;;;;;;;;;;;;;;;;;
Argentina;ARG;Población que vive en barrios de tugurios (% de la población urbana);EN.POP.SLUM.UR.ZS;;;;;;;;;;;;;;;;;;;;;;;;;;;;;;;30.5;;;;;31.70000076;;;;;32.90000153;;;;;26.20000076;;;;;20.79999924;;;;16.70000076;;14.69999981;;14.69999981;;;;
Armenia;ARM;Población que vive en barrios de tugurios (% de la población urbana);EN.POP.SLUM.UR.ZS;;;;;;;;;;;;;;;;;;;;;;;;;;;;;;;;;;;;;;;;;;;;;;;;;;;;;;;14.39999962;;9.300000191;;9.300000191;;;;
Samoa Americana;ASM;Población que vive en barrios de tugurios (% de la población urbana);EN.POP.SLUM.UR.ZS;;;;;;;;;;;;;;;;;;;;;;;;;;;;;;;;;;;;;;;;;;;;;;;;;;;;;;;;;;;;;;;
Antigua y Barbuda;ATG;Población que vive en barrios de tugurios (% de la población urbana);EN.POP.SLUM.UR.ZS;;;;;;;;;;;;;;;;;;;;;;;;;;;;;;;;;;;;;;;;;;;;;;;;;;;;;;;;;;;;;;;
Australia;AUS;Población que vive en barrios de tugurios (% de la población urbana);EN.POP.SLUM.UR.ZS;;;;;;;;;;;;;;;;;;;;;;;;;;;;;;;;;;;;;;;;;;;;;;;;;;;;;;;;;;;;;;;
Austria;AUT;Población que vive en barrios de tugurios (% de la población urbana);EN.POP.SLUM.UR.ZS;;;;;;;;;;;;;;;;;;;;;;;;;;;;;;;;;;;;;;;;;;;;;;;;;;;;;;;;;;;;;;;
Azerbaiyán;AZE;Población que vive en barrios de tugurios (% de la población urbana);EN.POP.SLUM.UR.ZS;;;;;;;;;;;;;;;;;;;;;;;;;;;;;;;;;;;;;;;;;;;;;;;;;;;;;;;;;;;;;;;
Burundi;BDI;Población que vive en barrios de tugurios (% de la población urbana);EN.POP.SLUM.UR.ZS;;;;;;;;;;;;;;;;;;;;;;;;;;;;;;;;;;;;;;;;;;;;;;64.30000305;;;;;;;;;57.90000153;;48.59999847;;47.70000076;;;;
Bélgica;BEL;Población que vive en barrios de tugurios (% de la población urbana);EN.POP.SLUM.UR.ZS;;;;;;;;;;;;;;;;;;;;;;;;;;;;;;;;;;;;;;;;;;;;;;;;;;;;;;;;;;;;;;;
Benin;BEN;Población que vive en barrios de tugurios (% de la población urbana);EN.POP.SLUM.UR.ZS;;;;;;;;;;;;;;;;;;;;;;;;;;;;;;;79.30000305;;;;;76.80000305;;;;;74.30000305;;;;;71.80000305;;;;;69.80000305;;;;61.5;;59.59999847;;58.79999924;;;;
Burkina Faso;BFA;Población que vive en barrios de tugurios (% de la población urbana);EN.POP.SLUM.UR.ZS;;;;;;;;;;;;;;;;;;;;;;;;;;;;;;;78.80000305;;;;;72.40000153;;;;;65.90000153;;;;;59.5;;;;;;;;;65.80000305;;58.5;;57.09999847;;;;
Bangladesh;BGD;Población que vive en barrios de tugurios (% de la población urbana);EN.POP.SLUM.UR.ZS;;;;;;;;;;;;;;;;;;;;;;;;;;;;;;;87.30000305;;;;;84.69999695;;;;;77.80000305;;;;;70.80000305;;;;;61.59999847;;;;55.09999847;;49.40000153;;47.20000076;;;;
Bulgaria;BGR;Población que vive en barrios de tugurios (% de la población urbana);EN.POP.SLUM.UR.ZS;;;;;;;;;;;;;;;;;;;;;;;;;;;;;;;;;;;;;;;;;;;;;;;;;;;;;;;;;;;;;;;
Bahrein;BHR;Población que vive en barrios de tugurios (% de la población urbana);EN.POP.SLUM.UR.ZS;;;;;;;;;;;;;;;;;;;;;;;;;;;;;;;;;;;;;;;;;;;;;;;;;;;;;;;;;;;;;;;
Bahamas;BHS;Población que vive en barrios de tugurios (% de la población urbana);EN.POP.SLUM.UR.ZS;;;;;;;;;;;;;;;;;;;;;;;;;;;;;;;;;;;;;;;;;;;;;;;;;;;;;;;;;;;;;;;
Bosnia y Herzegovina;BIH;Población que vive en barrios de tugurios (% de la población urbana);EN.POP.SLUM.UR.ZS;;;;;;;;;;;;;;;;;;;;;;;;;;;;;;;;;;;;;;;;;;;;;;;;;;;;;;;;;7.599999905;;7.599999905;;;;
Belarús;BLR;Población que vive en barrios de tugurios (% de la población urbana);EN.POP.SLUM.UR.ZS;;;;;;;;;;;;;;;;;;;;;;;;;;;;;;;;;;;;;;;;;;;;;;;;;;;;;;;;;45.20000076;;33.20000076;;;;
Belice;BLZ;Población que vive en barrios de tugurios (% de la población urbana);EN.POP.SLUM.UR.ZS;;;;;;;;;;;;;;;;;;;;;;;;;;;;;;;;;;;;;;;;;;;;;;;;;;;;;;;10.80000019;;5.099999905;;5;;;;
Bermudas;BMU;Población que vive en barrios de tugurios (% de la población urbana);EN.POP.SLUM.UR.ZS;;;;;;;;;;;;;;;;;;;;;;;;;;;;;;;;;;;;;;;;;;;;;;;;;;;;;;;;;;;;;;;
Bolivia;BOL;Población que vive en barrios de tugurios (% de la población urbana);EN.POP.SLUM.UR.ZS;;;;;;;;;;;;;;;;;;;;;;;;;;;;;;;62.20000076;;;;;58.20000076;;;;;54.29999924;;;;;50.40000153;;;;;47.29999924;;;;43.5;;49.5;;48.5;;;;
Brasil;BRA;Población que vive en barrios de tugurios (% de la población urbana);EN.POP.SLUM.UR.ZS;;;;;;;;;;;;;;;;;;;;;;;;;;;;;;;36.70000076;;;;;34.09999847;;;;;31.5;;;;;29;;;;;26.89999962;;;;22.29999924;;16.29999924;;16.29999924;;;;
Barbados;BRB;Población que vive en barrios de tugurios (% de la población urbana);EN.POP.SLUM.UR.ZS;;;;;;;;;;;;;;;;;;;;;;;;;;;;;;;;;;;;;;;;;;;;;;;;;;;;;;;;;;;;;;;
Brunei Darussalam;BRN;Población que vive en barrios de tugurios (% de la población urbana);EN.POP.SLUM.UR.ZS;;;;;;;;;;;;;;;;;;;;;;;;;;;;;;;;;;;;;;;;;;;;;;;;;;;;;;;;;;;;;;;
Bhután;BTN;Población que vive en barrios de tugurios (% de la población urbana);EN.POP.SLUM.UR.ZS;;;;;;;;;;;;;;;;;;;;;;;;;;;;;;;;;;;;;;;;;;;;;;;;;;;;;;;;;;;;;;;
Botswana;BWA;Población que vive en barrios de tugurios (% de la población urbana);EN.POP.SLUM.UR.ZS;;;;;;;;;;;;;;;;;;;;;;;;;;;;;;;;;;;;;;;;;;;;;;;;;;;;;;;;;;;;;;;
República Centroafricana;CAF;Población que vive en barrios de tugurios (% de la población urbana);EN.POP.SLUM.UR.ZS;;;;;;;;;;;;;;;;;;;;;;;;;;;;;;;87.5;;;;;89.69999695;;;;;91.90000153;;;;;94.09999847;;;;;95.90000153;;;;93.30000305;;97.5;;95.40000153;;;;
Canadá;CAN;Población que vive en barrios de tugurios (% de la población urbana);EN.POP.SLUM.UR.ZS;;;;;;;;;;;;;;;;;;;;;;;;;;;;;;;;;;;;;;;;;;;;;;;;;;;;;;;;;0.01;;0.01;;;;
Europa Central y del Báltico;CEB;Población que vive en barrios de tugurios (% de la población urbana);EN.POP.SLUM.UR.ZS;;;;;;;;;;;;;;;;;;;;;;;;;;;;;;;;;;;;;;;;;;;;;;;;;;;;;;;;;6.061653812;;5.467512673;;;;
Suiza;CHE;Población que vive en barrios de tugurios (% de la población urbana);EN.POP.SLUM.UR.ZS;;;;;;;;;;;;;;;;;;;;;;;;;;;;;;;;;;;;;;;;;;;;;;;;;;;;;;;;;;;;;;;
Islas del Canal;CHI;Población que vive en barrios de tugurios (% de la población urbana);EN.POP.SLUM.UR.ZS;;;;;;;;;;;;;;;;;;;;;;;;;;;;;;;;;;;;;;;;;;;;;;;;;;;;;;;;;;;;;;;
Chile;CHL;Población que vive en barrios de tugurios (% de la población urbana);EN.POP.SLUM.UR.ZS;;;;;;;;;;;;;;;;;;;;;;;;;;;;;;;;;;;;;;;;;;;;;;9;;;;;;;;;9;;9;;8.800000191;;;;
China;CHN;Población que vive en barrios de tugurios (% de la población urbana);EN.POP.SLUM.UR.ZS;;;;;;;;;;;;;;;;;;;;;;;;;;;;;;;43.59999847;;;;;40.5;;;;;37.29999924;;;;;32.90000153;;;;;29.10000038;;;;25.20000076;;;;24.60000038;;;;
Côte d'Ivoire;CIV;Población que vive en barrios de tugurios (% de la población urbana);EN.POP.SLUM.UR.ZS;;;;;;;;;;;;;;;;;;;;;;;;;;;;;;;53.40000153;;;;;54.29999924;;;;;55.29999924;;;;;56.20000076;;;;;57;;;;56;;59.20000076;;60.09999847;;;;
Camerún;CMR;Población que vive en barrios de tugurios (% de la población urbana);EN.POP.SLUM.UR.ZS;;;;;;;;;;;;;;;;;;;;;;;;;;;;;;;50.79999924;;;;;49.59999847;;;;;48.40000153;;;;;47.40000153;;;;;46.09999847;;;;37.79999924;;35.79999924;;33.70000076;;;;
Congo, República Democrática del;COD;Población que vive en barrios de tugurios (% de la población urbana);EN.POP.SLUM.UR.ZS;;;;;;;;;;;;;;;;;;;;;;;;;;;;;;;;;;;;;;;;;;;;;;76.40000153;;;;;61.70000076;;;;74.80000305;;79.09999847;;77.5;;;;
Congo, República del;COG;Población que vive en barrios de tugurios (% de la población urbana);EN.POP.SLUM.UR.ZS;;;;;;;;;;;;;;;;;;;;;;;;;;;;;;;;;;;;;;;;;;;;;;53.40000153;;;;;49.90000153;;;;46.90000153;;48;;47.79999924;;;;
Colombia;COL;Población que vive en barrios de tugurios (% de la población urbana);EN.POP.SLUM.UR.ZS;;;;;;;;;;;;;;;;;;;;;;;;;;;;;;;31.20000076;;;;;26.79999924;;;;;22.29999924;;;;;17.89999962;;;;;14.30000019;;;;13.10000038;;28.10000038;;27.79999924;;;;
Comoras;COM;Población que vive en barrios de tugurios (% de la población urbana);EN.POP.SLUM.UR.ZS;;;;;;;;;;;;;;;;;;;;;;;;;;;;;;;65.40000153;;;;;65.40000153;;;;;65.40000153;;;;;68.90000153;;;;;;;;;69.59999847;;69.59999847;;68.40000153;;;;
Cabo Verde;CPV;Población que vive en barrios de tugurios (% de la población urbana);EN.POP.SLUM.UR.ZS;;;;;;;;;;;;;;;;;;;;;;;;;;;;;;;;;;;;;;;;;;;;;;;;;;;;;;;;;;;;;;;
Costa Rica;CRI;Población que vive en barrios de tugurios (% de la población urbana);EN.POP.SLUM.UR.ZS;;;;;;;;;;;;;;;;;;;;;;;;;;;;;;;;;;;;;;;;;;;;;;10.89999962;;;;;;;;;5.5;;3.900000095;;3.900000095;;;;
Estados pequeos del Caribe;CSS;Población que vive en barrios de tugurios (% de la población urbana);EN.POP.SLUM.UR.ZS;;;;;;;;;;;;;;;;;;;;;;;;;;;;;;;;;;;;;;;;;;;;;;41.11404841;;;;;;;;;40.24414448;;35.27931323;;33.47822884;;;;
Cuba;CUB;Población que vive en barrios de tugurios (% de la población urbana);EN.POP.SLUM.UR.ZS;;;;;;;;;;;;;;;;;;;;;;;;;;;;;;;;;;;;;;;;;;;;;;;;;;;;;;;;;6.599999905;;6.599999905;;;;
Curacao;CUW;Población que vive en barrios de tugurios (% de la población urbana);EN.POP.SLUM.UR.ZS;;;;;;;;;;;;;;;;;;;;;;;;;;;;;;;;;;;;;;;;;;;;;;;;;;;;;;;;;;;;;;;
Islas Caimán;CYM;Población que vive en barrios de tugurios (% de la población urbana);EN.POP.SLUM.UR.ZS;;;;;;;;;;;;;;;;;;;;;;;;;;;;;;;;;;;;;;;;;;;;;;;;;;;;;;;;;;;;;;;
Chipre;CYP;Población que vive en barrios de tugurios (% de la población urbana);EN.POP.SLUM.UR.ZS;;;;;;;;;;;;;;;;;;;;;;;;;;;;;;;;;;;;;;;;;;;;;;;;;;;;;;;;;;;;;;;
República Checa;CZE;Población que vive en barrios de tugurios (% de la población urbana);EN.POP.SLUM.UR.ZS;;;;;;;;;;;;;;;;;;;;;;;;;;;;;;;;;;;;;;;;;;;;;;;;;;;;;;;;;;;;;;;
Alemania;DEU;Población que vive en barrios de tugurios (% de la población urbana);EN.POP.SLUM.UR.ZS;;;;;;;;;;;;;;;;;;;;;;;;;;;;;;;;;;;;;;;;;;;;;;;;;;;;;;;;;0.01;;0.01;;;;
Djibouti;DJI;Población que vive en barrios de tugurios (% de la población urbana);EN.POP.SLUM.UR.ZS;;;;;;;;;;;;;;;;;;;;;;;;;;;;;;;;;;;;;;;;;;;;;;;;;;;;;;;65.59999847;;65.59999847;;64.5;;;;
Dominica;DMA;Población que vive en barrios de tugurios (% de la población urbana);EN.POP.SLUM.UR.ZS;;;;;;;;;;;;;;;;;;;;;;;;;;;;;;;;;;;;;;;;;;;;;;;;;;;;;;;;;;;;;;;
Dinamarca;DNK;Población que vive en barrios de tugurios (% de la población urbana);EN.POP.SLUM.UR.ZS;;;;;;;;;;;;;;;;;;;;;;;;;;;;;;;;;;;;;;;;;;;;;;;;;;;;;;;;;0.001;;0.001;;;;
República Dominicana;DOM;Población que vive en barrios de tugurios (% de la población urbana);EN.POP.SLUM.UR.ZS;;;;;;;;;;;;;;;;;;;;;;;;;;;;;;;27.89999962;;;;;24.39999962;;;;;21;;;;;17.60000038;;;;;14.80000019;;;;12.10000038;;14.80000019;;14.80000019;;;;
Argelia;DZA;Población que vive en barrios de tugurios (% de la población urbana);EN.POP.SLUM.UR.ZS;;;;;;;;;;;;;;;;;;;;;;;;;;;;;;;;;;;;;;;;;;;;;;;;;;;;;;;;;;;;;;;
Asia oriental y el Pacífico (excluido altos ingresos);EAP;Población que vive en barrios de tugurios (% de la población urbana);EN.POP.SLUM.UR.ZS;;;;;;;;;;;;;;;;;;;;;;;;;;;;;;;46.03760577;;;;;42.02115622;;;;;37.90196054;;;;;33.11725666;;;;;28.94926832;;;;25.79139343;;;;26.39512073;;;;
inicial del dividendo demográfico;EAR;Población que vive en barrios de tugurios (% de la población urbana);EN.POP.SLUM.UR.ZS;;;;;;;;;;;;;;;;;;;;;;;;;;;;;;;49.39927547;;;;;44.52509232;;;;;39.35043411;;;;;33.24475594;;;;;31.15496105;;;;27.01438757;;31.89250663;;31.72318483;;;;
Asia oriental y el Pacífico;EAS;Población que vive en barrios de tugurios (% de la población urbana);EN.POP.SLUM.UR.ZS;;;;;;;;;;;;;;;;;;;;;;;;;;;;;;;46.03760577;;;;;42.02115622;;;;;37.90196054;;;;;33.11725666;;;;;28.94926832;;;;25.79139343;;;;26.39512073;;;;
Europa y Asia central (excluido altos ingresos);ECA;Población que vive en barrios de tugurios (% de la población urbana);EN.POP.SLUM.UR.ZS;;;;;;;;;;;;;;;;;;;;;;;;;;;;;;;;;;;;;;;;;;;;;;;;;;;;;;;;;;;;;;;
Europa y Asia central;ECS;Población que vive en barrios de tugurios (% de la población urbana);EN.POP.SLUM.UR.ZS;;;;;;;;;;;;;;;;;;;;;;;;;;;;;;;;;;;;;;;;;;;;;;;;;;;;;;;;;;;;;;;
Ecuador;ECU;Población que vive en barrios de tugurios (% de la población urbana);EN.POP.SLUM.UR.ZS;;;;;;;;;;;;;;;;;;;;;;;;;;;;;;;;;;;;;;;;;;;;;;21.5;;;;;;;;;36;;20.29999924;;20.10000038;;;;
Egipto, República Árabe de;EGY;Población que vive en barrios de tugurios (% de la población urbana);EN.POP.SLUM.UR.ZS;;;;;;;;;;;;;;;;;;;;;;;;;;;;;;;50.20000076;;;;;39.20000076;;;;;28.10000038;;;;;17.10000038;;;;;13.10000038;;;;10.60000038;;6.599999905;;5.199999809;;;;
Zona del Euro;EMU;Población que vive en barrios de tugurios (% de la población urbana);EN.POP.SLUM.UR.ZS;;;;;;;;;;;;;;;;;;;;;;;;;;;;;;;;;;;;;;;;;;;;;;;;;;;;;;;;;;;;;;;
Eritrea;ERI;Población que vive en barrios de tugurios (% de la población urbana);EN.POP.SLUM.UR.ZS;;;;;;;;;;;;;;;;;;;;;;;;;;;;;;;;;;;;;;;;;;;;;;;;;;;;;;;;;;;;;;;
España;ESP;Población que vive en barrios de tugurios (% de la población urbana);EN.POP.SLUM.UR.ZS;;;;;;;;;;;;;;;;;;;;;;;;;;;;;;;;;;;;;;;;;;;;;;;;;;;;;;;;;7.800000191;;5.5;;;;
Estonia;EST;Población que vive en barrios de tugurios (% de la población urbana);EN.POP.SLUM.UR.ZS;;;;;;;;;;;;;;;;;;;;;;;;;;;;;;;;;;;;;;;;;;;;;;;;;;;;;;;;;;;;;;;
Etiopía;ETH;Población que vive en barrios de tugurios (% de la población urbana);EN.POP.SLUM.UR.ZS;;;;;;;;;;;;;;;;;;;;;;;;;;;;;;;95.5;;;;;95.5;;;;;88.59999847;;;;;81.80000305;;;;;76.40000153;;;;73.90000153;;65.90000153;;64.30000305;;;;
Unión Europea;EUU;Población que vive en barrios de tugurios (% de la población urbana);EN.POP.SLUM.UR.ZS;;;;;;;;;;;;;;;;;;;;;;;;;;;;;;;;;;;;;;;;;;;;;;;;;;;;;;;;;;;;;;;
Frágiles y situaciones de conflicto afectados;FCS;Población que vive en barrios de tugurios (% de la población urbana);EN.POP.SLUM.UR.ZS;;;;;;;;;;;;;;;;;;;;;;;;;;;;;;;;;;;;;;;;;;;;;;57.95239864;;;;;;;;;55.77312444;;54.06996101;;55.44652754;;;;
Finlandia;FIN;Población que vive en barrios de tugurios (% de la población urbana);EN.POP.SLUM.UR.ZS;;;;;;;;;;;;;;;;;;;;;;;;;;;;;;;;;;;;;;;;;;;;;;;;;;;;;;;;;;;;;;;
Fiji;FJI;Población que vive en barrios de tugurios (% de la población urbana);EN.POP.SLUM.UR.ZS;;;;;;;;;;;;;;;;;;;;;;;;;;;;;;;;;;;;;;;;;;;;;;;;;;;;;;;;;10.80000019;;11.19999981;;;;
Francia;FRA;Población que vive en barrios de tugurios (% de la población urbana);EN.POP.SLUM.UR.ZS;;;;;;;;;;;;;;;;;;;;;;;;;;;;;;;;;;;;;;;;;;;;;;;;;;;;;;;;;;;;;;;
Islas Feroe;FRO;Población que vive en barrios de tugurios (% de la población urbana);EN.POP.SLUM.UR.ZS;;;;;;;;;;;;;;;;;;;;;;;;;;;;;;;;;;;;;;;;;;;;;;;;;;;;;;;;;;;;;;;
Micronesia (Estados Federados de);FSM;Población que vive en barrios de tugurios (% de la población urbana);EN.POP.SLUM.UR.ZS;;;;;;;;;;;;;;;;;;;;;;;;;;;;;;;;;;;;;;;;;;;;;;;;;;;;;;;;;;;;;;;
Gabón;GAB;Población que vive en barrios de tugurios (% de la población urbana);EN.POP.SLUM.UR.ZS;;;;;;;;;;;;;;;;;;;;;;;;;;;;;;;;;;;;;;;;;;;;;;38.70000076;;;;;;;;;37;;36.59999847;;36.59999847;;;;
Reino Unido;GBR;Población que vive en barrios de tugurios (% de la población urbana);EN.POP.SLUM.UR.ZS;;;;;;;;;;;;;;;;;;;;;;;;;;;;;;;;;;;;;;;;;;;;;;;;;;;;;;;;;;;;;;;
Georgia;GEO;Población que vive en barrios de tugurios (% de la población urbana);EN.POP.SLUM.UR.ZS;;;;;;;;;;;;;;;;;;;;;;;;;;;;;;;;;;;;;;;;;;;;;;;;;;;;;;;;;34.09999847;;34.09999847;;;;
Ghana;GHA;Población que vive en barrios de tugurios (% de la población urbana);EN.POP.SLUM.UR.ZS;;;;;;;;;;;;;;;;;;;;;;;;;;;;;;;65.5;;;;;58.79999924;;;;;52.09999847;;;;;45.40000153;;;;;40.09999847;;;;37.90000153;;30.39999962;;30.39999962;;;;
Gibraltar;GIB;Población que vive en barrios de tugurios (% de la población urbana);EN.POP.SLUM.UR.ZS;;;;;;;;;;;;;;;;;;;;;;;;;;;;;;;;;;;;;;;;;;;;;;;;;;;;;;;;;;;;;;;
Guinea;GIN;Población que vive en barrios de tugurios (% de la población urbana);EN.POP.SLUM.UR.ZS;;;;;;;;;;;;;;;;;;;;;;;;;;;;;;;80.40000153;;;;;68.80000305;;;;;57.29999924;;;;;45.70000076;;;;;;;;;43.29999924;;49.20000076;;50.09999847;;;;
Gambia;GMB;Población que vive en barrios de tugurios (% de la población urbana);EN.POP.SLUM.UR.ZS;;;;;;;;;;;;;;;;;;;;;;;;;;;;;;;;;;;;;;;;;;;;;;45.40000153;;;;;;;;;34.79999924;;26;;27.10000038;;;;
Guinea-Bissau;GNB;Población que vive en barrios de tugurios (% de la población urbana);EN.POP.SLUM.UR.ZS;;;;;;;;;;;;;;;;;;;;;;;;;;;;;;;;;;;;;;;;;;;;;;83.09999847;;;;;;;;;82.30000305;;78.90000153;;74.40000153;;;;
Guinea Ecuatorial;GNQ;Población que vive en barrios de tugurios (% de la población urbana);EN.POP.SLUM.UR.ZS;;;;;;;;;;;;;;;;;;;;;;;;;;;;;;;;;;;;;;;;;;;;;;66.30000305;;;;;;;;;66.19999695;;66.09999847;;64.90000153;;;;
Grecia;GRC;Población que vive en barrios de tugurios (% de la población urbana);EN.POP.SLUM.UR.ZS;;;;;;;;;;;;;;;;;;;;;;;;;;;;;;;;;;;;;;;;;;;;;;;;;;;;;;;;;3;;3;;;;
Granada;GRD;Población que vive en barrios de tugurios (% de la población urbana);EN.POP.SLUM.UR.ZS;;;;;;;;;;;;;;;;;;;;;;;;;;;;;;;;;;;;;;;;;;;;;;6;;;;;;;;;6;;;;6;;;;
Groenlandia;GRL;Población que vive en barrios de tugurios (% de la población urbana);EN.POP.SLUM.UR.ZS;;;;;;;;;;;;;;;;;;;;;;;;;;;;;;;;;;;;;;;;;;;;;;;;;;;;;;;;;;;;;;;
Guatemala;GTM;Población que vive en barrios de tugurios (% de la población urbana);EN.POP.SLUM.UR.ZS;;;;;;;;;;;;;;;;;;;;;;;;;;;;;;;58.59999847;;;;;53.29999924;;;;;48.09999847;;;;;42.90000153;;;;;38.70000076;;;;38.70000076;;31;;31;;;;
Guam;GUM;Población que vive en barrios de tugurios (% de la población urbana);EN.POP.SLUM.UR.ZS;;;;;;;;;;;;;;;;;;;;;;;;;;;;;;;;;;;;;;;;;;;;;;;;;;;;;;;;;;;;;;;
Guyana;GUY;Población que vive en barrios de tugurios (% de la población urbana);EN.POP.SLUM.UR.ZS;;;;;;;;;;;;;;;;;;;;;;;;;;;;;;;;;;;;;;;;;;;;;;33.70000076;;;;;33.20000076;;;;33.09999847;;32.59999847;;31.10000038;;;;
Ingreso alto;HIC;Población que vive en barrios de tugurios (% de la población urbana);EN.POP.SLUM.UR.ZS;;;;;;;;;;;;;;;;;;;;;;;;;;;;;;;;;;;;;;;;;;;;;;;;;;;;;;;;;;;;;;;
Hong Kong, Región Administrativa Especial;HKG;Población que vive en barrios de tugurios (% de la población urbana);EN.POP.SLUM.UR.ZS;;;;;;;;;;;;;;;;;;;;;;;;;;;;;;;;;;;;;;;;;;;;;;;;;;;;;;;;;;;;;;;
Honduras;HND;Población que vive en barrios de tugurios (% de la población urbana);EN.POP.SLUM.UR.ZS;;;;;;;;;;;;;;;;;;;;;;;;;;;;;;;;;;;;;;;;;;;;;;34.90000153;;;;;;;;;27.5;;40.40000153;;38.59999847;;;;
Países pobres muy endeudados (PPME);HPC;Población que vive en barrios de tugurios (% de la población urbana);EN.POP.SLUM.UR.ZS;;;;;;;;;;;;;;;;;;;;;;;;;;;;;;;74.67739071;;;;;71.66852843;;;;;67.92008145;;;;;64.95218392;;;;;62.19541901;;;;61.79775267;;59.9914686;;58.47953448;;;;
Croacia;HRV;Población que vive en barrios de tugurios (% de la población urbana);EN.POP.SLUM.UR.ZS;;;;;;;;;;;;;;;;;;;;;;;;;;;;;;;;;;;;;;;;;;;;;;;;;;;;;;;;;;;;;;;
Haití;HTI;Población que vive en barrios de tugurios (% de la población urbana);EN.POP.SLUM.UR.ZS;;;;;;;;;;;;;;;;;;;;;;;;;;;;;;;93.40000153;;;;;93.40000153;;;;;93.40000153;;;;;70.09999847;;;;;70.09999847;;;;74.40000153;;65.90000153;;65.90000153;;;;
Hungría;HUN;Población que vive en barrios de tugurios (% de la población urbana);EN.POP.SLUM.UR.ZS;;;;;;;;;;;;;;;;;;;;;;;;;;;;;;;;;;;;;;;;;;;;;;;;;;;;;;;;;13.60000038;;13.60000038;;;;
Sólo BIRF;IBD;Población que vive en barrios de tugurios (% de la población urbana);EN.POP.SLUM.UR.ZS;;;;;;;;;;;;;;;;;;;;;;;;;;;;;;;44.03880044;;;;;39.78149464;;;;;35.68024807;;;;;30.71014802;;;;;27.88032622;;;;23.67833552;;;;25.57450895;;;;
BIRF y la AIF;IBT;Población que vive en barrios de tugurios (% de la población urbana);EN.POP.SLUM.UR.ZS;;;;;;;;;;;;;;;;;;;;;;;;;;;;;;;47.41377991;;;;;43.53002035;;;;;39.66155179;;;;;35.68075865;;;;;33.16848118;;;;29.73377345;;33.27561839;;30.9804534;;;;
total de la AIF;IDA;Población que vive en barrios de tugurios (% de la población urbana);EN.POP.SLUM.UR.ZS;;;;;;;;;;;;;;;;;;;;;;;;;;;;;;;69.88621466;;;;;67.4668592;;;;;64.16548146;;;;;60.06914105;;;;;58.95056879;;;;55.07845412;;53.27912921;;52.87480395;;;;
mezcla de la AIF;IDB;Población que vive en barrios de tugurios (% de la población urbana);EN.POP.SLUM.UR.ZS;;;;;;;;;;;;;;;;;;;;;;;;;;;;;;;59.45164539;;;;;57.48396456;;;;;55.66339232;;;;;54.62495586;;;;;53.50871995;;;;47.29205424;;46.96291641;;46.77450243;;;;
Indonesia;IDN;Población que vive en barrios de tugurios (% de la población urbana);EN.POP.SLUM.UR.ZS;;;;;;;;;;;;;;;;;;;;;;;;;;;;;;;50.79999924;;;;;42.59999847;;;;;34.40000153;;;;;26.29999924;;;;;23;;;;21.79999924;;30.89999962;;30.60000038;;;;
Sólo AIF;IDX;Población que vive en barrios de tugurios (% de la población urbana);EN.POP.SLUM.UR.ZS;;;;;;;;;;;;;;;;;;;;;;;;;;;;;;;;;;;;;;;;;;;;;;63.57902134;;;;;63.52817519;;;;59.646795;;57.2408315;;56.67777554;;;;
Isla de Man;IMN;Población que vive en barrios de tugurios (% de la población urbana);EN.POP.SLUM.UR.ZS;;;;;;;;;;;;;;;;;;;;;;;;;;;;;;;;;;;;;;;;;;;;;;;;;;;;;;;;;;;;;;;
India;IND;Población que vive en barrios de tugurios (% de la población urbana);EN.POP.SLUM.UR.ZS;;;;;;;;;;;;;;;;;;;;;;;;;;;;;;;54.90000153;;;;;48.20000076;;;;;41.5;;;;;34.79999924;;;;;29.39999962;;;;24;;35.40000153;;35.20000076;;;;
No clasificado;INX;Población que vive en barrios de tugurios (% de la población urbana);EN.POP.SLUM.UR.ZS;;;;;;;;;;;;;;;;;;;;;;;;;;;;;;;;;;;;;;;;;;;;;;;;;;;;;;;;;;;;;;;
Irlanda;IRL;Población que vive en barrios de tugurios (% de la población urbana);EN.POP.SLUM.UR.ZS;;;;;;;;;;;;;;;;;;;;;;;;;;;;;;;;;;;;;;;;;;;;;;;;;;;;;;;;;;;;;;;
Irán, República Islámica del;IRN;Población que vive en barrios de tugurios (% de la población urbana);EN.POP.SLUM.UR.ZS;;;;;;;;;;;;;;;;;;;;;;;;;;;;;;;;;;;;;;;;;;;;;;;;;;;;;;;;;23.89999962;;25.29999924;;;;
Iraq;IRQ;Población que vive en barrios de tugurios (% de la población urbana);EN.POP.SLUM.UR.ZS;;;;;;;;;;;;;;;;;;;;;;;;;;;;;;;16.89999962;;;;;16.89999962;;;;;16.89999962;;;;;52.79999924;;;;;52.79999924;;;;47.20000076;;46.40000153;;45.70000076;;;;
Islandia;ISL;Población que vive en barrios de tugurios (% de la población urbana);EN.POP.SLUM.UR.ZS;;;;;;;;;;;;;;;;;;;;;;;;;;;;;;;;;;;;;;;;;;;;;;;;;;;;;;;;;;;;;;;
Israel;ISR;Población que vive en barrios de tugurios (% de la población urbana);EN.POP.SLUM.UR.ZS;;;;;;;;;;;;;;;;;;;;;;;;;;;;;;;;;;;;;;;;;;;;;;;;;;;;;;;;;;;;;;;
Italia;ITA;Población que vive en barrios de tugurios (% de la población urbana);EN.POP.SLUM.UR.ZS;;;;;;;;;;;;;;;;;;;;;;;;;;;;;;;;;;;;;;;;;;;;;;;;;;;;;;;;;;;;;;;
Jamaica;JAM;Población que vive en barrios de tugurios (% de la población urbana);EN.POP.SLUM.UR.ZS;;;;;;;;;;;;;;;;;;;;;;;;;;;;;;;;;;;;;;;;;;;;;;60.5;;;;;;;;;60.5;;59.79999924;;57.09999847;;;;
Jordania;JOR;Población que vive en barrios de tugurios (% de la población urbana);EN.POP.SLUM.UR.ZS;;;;;;;;;;;;;;;;;;;;;;;;;;;;;;;;;;;;;;;;;;;;;;15.80000019;;;;;19.60000038;;;;12.89999962;;21.10000038;;23.39999962;;;;
Japón;JPN;Población que vive en barrios de tugurios (% de la población urbana);EN.POP.SLUM.UR.ZS;;;;;;;;;;;;;;;;;;;;;;;;;;;;;;;;;;;;;;;;;;;;;;;;;;;;;;;;;;;;;;;
Kazajstán;KAZ;Población que vive en barrios de tugurios (% de la población urbana);EN.POP.SLUM.UR.ZS;;;;;;;;;;;;;;;;;;;;;;;;;;;;;;;;;;;;;;;;;;;;;;;;;;;;;;;;;;;;;;;
Kenya;KEN;Población que vive en barrios de tugurios (% de la población urbana);EN.POP.SLUM.UR.ZS;;;;;;;;;;;;;;;;;;;;;;;;;;;;;;;54.90000153;;;;;54.79999924;;;;;54.79999924;;;;;54.79999924;;;;;54.70000076;;;;56;;46.5;;46.5;;;;
Kirguistán;KGZ;Población que vive en barrios de tugurios (% de la población urbana);EN.POP.SLUM.UR.ZS;;;;;;;;;;;;;;;;;;;;;;;;;;;;;;;;;;;;;;;;;;;;;;;;;;;;;;;;;9.699999809;;9.699999809;;;;
Camboya;KHM;Población que vive en barrios de tugurios (% de la población urbana);EN.POP.SLUM.UR.ZS;;;;;;;;;;;;;;;;;;;;;;;;;;;;;;;;;;;;;;;;;;;;;;78.90000153;;;;;;;;;55.09999847;;47.70000076;;45.09999847;;;;
Kiribati;KIR;Población que vive en barrios de tugurios (% de la población urbana);EN.POP.SLUM.UR.ZS;;;;;;;;;;;;;;;;;;;;;;;;;;;;;;;;;;;;;;;;;;;;;;;;;;;;;;;;;;;;;;;
Saint Kitts y Nevis;KNA;Población que vive en barrios de tugurios (% de la población urbana);EN.POP.SLUM.UR.ZS;;;;;;;;;;;;;;;;;;;;;;;;;;;;;;;;;;;;;;;;;;;;;;;;;;;;;;;;;;;;;;;
Corea, República de;KOR;Población que vive en barrios de tugurios (% de la población urbana);EN.POP.SLUM.UR.ZS;;;;;;;;;;;;;;;;;;;;;;;;;;;;;;;;;;;;;;;;;;;;;;;;;;;;;;;;;;;;;;;
Kuwait;KWT;Población que vive en barrios de tugurios (% de la población urbana);EN.POP.SLUM.UR.ZS;;;;;;;;;;;;;;;;;;;;;;;;;;;;;;;;;;;;;;;;;;;;;;;;;;;;;;;;;;;;;;;
América Latina y el Caribe (excluido altos ingresos);LAC;Población que vive en barrios de tugurios (% de la población urbana);EN.POP.SLUM.UR.ZS;;;;;;;;;;;;;;;;;;;;;;;;;;;;;;;35.54968037;;;;;32.9587543;;;;;30.30920114;;;;;25.69025317;;;;;;;;;20.85391729;;20.00330441;;19.91326725;;;;
República Democrática Popular Lao;LAO;Población que vive en barrios de tugurios (% de la población urbana);EN.POP.SLUM.UR.ZS;;;;;;;;;;;;;;;;;;;;;;;;;;;;;;;;;;;;;;;;;;;;;;79.30000305;;;;;;;;;31.39999962;;20.79999924;;21.10000038;;;;
Líbano;LBN;Población que vive en barrios de tugurios (% de la población urbana);EN.POP.SLUM.UR.ZS;;;;;;;;;;;;;;;;;;;;;;;;;;;;;;;;;;;;;;;;;;;;;;53.09999847;;;;;;;;;53.09999847;;;;61.09999847;;;;
Liberia;LBR;Población que vive en barrios de tugurios (% de la población urbana);EN.POP.SLUM.UR.ZS;;;;;;;;;;;;;;;;;;;;;;;;;;;;;;;;;;;;;;;;;;;;;;;;;;;68.30000305;;;;65.69999695;;70.30000305;;70.30000305;;;;
Libia;LBY;Población que vive en barrios de tugurios (% de la población urbana);EN.POP.SLUM.UR.ZS;;;;;;;;;;;;;;;;;;;;;;;;;;;;;;;;;;;;;;;;;;;;;;;;;;;;;;;;;;;;;;;
Santa Lucía;LCA;Población que vive en barrios de tugurios (% de la población urbana);EN.POP.SLUM.UR.ZS;;;;;;;;;;;;;;;;;;;;;;;;;;;;;;;;;;;;;;;;;;;;;;11.89999962;;;;;;;;;11.89999962;;11.89999962;;11.19999981;;;;
América Latina y el Caribe;LCN;Población que vive en barrios de tugurios (% de la población urbana);EN.POP.SLUM.UR.ZS;;;;;;;;;;;;;;;;;;;;;;;;;;;;;;;35.54968037;;;;;32.9587543;;;;;30.30920114;;;;;25.46223475;;;;;;;;;21.12164594;;20.43389578;;20.75693371;;;;
Países menos desarrollados: clasificación de las Naciones Unidas;LDC;Población que vive en barrios de tugurios (% de la población urbana);EN.POP.SLUM.UR.ZS;;;;;;;;;;;;;;;;;;;;;;;;;;;;;;;;;;;;;;;;;;;;;;70.18532043;;;;;65.71970359;;;;62.73683877;;60.26695537;;58.88420211;;;;
Países de ingreso bajo;LIC;Población que vive en barrios de tugurios (% de la población urbana);EN.POP.SLUM.UR.ZS;;;;;;;;;;;;;;;;;;;;;;;;;;;;;;;;;;;;;;;;;;;;;;67.30810076;;;;;;;;;67.64560247;;66.37253717;;66.29930096;;;;
Liechtenstein;LIE;Población que vive en barrios de tugurios (% de la población urbana);EN.POP.SLUM.UR.ZS;;;;;;;;;;;;;;;;;;;;;;;;;;;;;;;;;;;;;;;;;;;;;;;;;;;;;;;;;;;;;;;
Sri Lanka;LKA;Población que vive en barrios de tugurios (% de la población urbana);EN.POP.SLUM.UR.ZS;;;;;;;;;;;;;;;;;;;;;;;;;;;;;;;;;;;;;;;;;;;;;;;;;;;;;;;;;;;;;;;
Países de ingreso mediano bajo;LMC;Población que vive en barrios de tugurios (% de la población urbana);EN.POP.SLUM.UR.ZS;;;;;;;;;;;;;;;;;;;;;;;;;;;;;;;56.9167994;;;;;51.31056211;;;;;45.86489585;;;;;40.60383363;;;;;36.32950242;;;;32.17958275;;35.9448305;;35.81426947;;;;
Ingreso mediano y bajo;LMY;Población que vive en barrios de tugurios (% de la población urbana);EN.POP.SLUM.UR.ZS;;;;;;;;;;;;;;;;;;;;;;;;;;;;;;;47.41377991;;;;;43.53002035;;;;;39.66155179;;;;;35.93536711;;;;;33.16848118;;;;29.84211315;;33.83167268;;31.23917557;;;;
Lesotho;LSO;Población que vive en barrios de tugurios (% de la población urbana);EN.POP.SLUM.UR.ZS;;;;;;;;;;;;;;;;;;;;;;;;;;;;;;;;;;;;;;;;;;;;;;35.09999847;;;;;53.70000076;;;;50.79999924;;59.70000076;;53.59999847;;;;
avanzada del dividendo demográfico;LTE;Población que vive en barrios de tugurios (% de la población urbana);EN.POP.SLUM.UR.ZS;;;;;;;;;;;;;;;;;;;;;;;;;;;;;;;41.74077716;;;;;38.76048347;;;;;35.47976731;;;;;30.92477357;;;;;27.94045335;;;;23.9220869;;;;22.0709942;;;;
Lituania;LTU;Población que vive en barrios de tugurios (% de la población urbana);EN.POP.SLUM.UR.ZS;;;;;;;;;;;;;;;;;;;;;;;;;;;;;;;;;;;;;;;;;;;;;;;;;;;;;;;;;;;;;;;
Luxemburgo;LUX;Población que vive en barrios de tugurios (% de la población urbana);EN.POP.SLUM.UR.ZS;;;;;;;;;;;;;;;;;;;;;;;;;;;;;;;;;;;;;;;;;;;;;;;;;;;;;;;;;;;;;;;
Letonia;LVA;Población que vive en barrios de tugurios (% de la población urbana);EN.POP.SLUM.UR.ZS;;;;;;;;;;;;;;;;;;;;;;;;;;;;;;;;;;;;;;;;;;;;;;;;;;;;;;;;;;;;;;;
Región Administrativa Especial de Macao, China;MAC;Población que vive en barrios de tugurios (% de la población urbana);EN.POP.SLUM.UR.ZS;;;;;;;;;;;;;;;;;;;;;;;;;;;;;;;;;;;;;;;;;;;;;;;;;;;;;;;;;;;;;;;
Isla de San Martín (parte francesa);MAF;Población que vive en barrios de tugurios (% de la población urbana);EN.POP.SLUM.UR.ZS;;;;;;;;;;;;;;;;;;;;;;;;;;;;;;;;;;;;;;;;;;;;;;;;;;;;;;;;;;;;;;;
Marruecos;MAR;Población que vive en barrios de tugurios (% de la población urbana);EN.POP.SLUM.UR.ZS;;;;;;;;;;;;;;;;;;;;;;;;;;;;;;;37.40000153;;;;;35.20000076;;;;;24.20000076;;;;;13.10000038;;;;;13.10000038;;;;13.10000038;;10.10000038;;9.199999809;;;;
Mónaco;MCO;Población que vive en barrios de tugurios (% de la población urbana);EN.POP.SLUM.UR.ZS;;;;;;;;;;;;;;;;;;;;;;;;;;;;;;;;;;;;;;;;;;;;;;;;;;;;;;;;;;;;;;;
República de Moldova;MDA;Población que vive en barrios de tugurios (% de la población urbana);EN.POP.SLUM.UR.ZS;;;;;;;;;;;;;;;;;;;;;;;;;;;;;;;;;;;;;;;;;;;;;;;;;;;;;;;;;63.5;;59.20000076;;;;
Madagascar;MDG;Población que vive en barrios de tugurios (% de la población urbana);EN.POP.SLUM.UR.ZS;;;;;;;;;;;;;;;;;;;;;;;;;;;;;;;93;;;;;88.59999847;;;;;84.09999847;;;;;80.59999847;;;;;76.19999695;;;;77.19999695;;67.69999695;;61.20000076;;;;
Maldivas;MDV;Población que vive en barrios de tugurios (% de la población urbana);EN.POP.SLUM.UR.ZS;;;;;;;;;;;;;;;;;;;;;;;;;;;;;;;;;;;;;;;;;;;;;;;;;;;;;;;;;32.09999847;;30.10000038;;;;
Oriente Medio y Norte de África;MEA;Población que vive en barrios de tugurios (% de la población urbana);EN.POP.SLUM.UR.ZS;;;;;;;;;;;;;;;;;;;;;;;;;;;;;;;;;;;;;;;;;;;;;;;;;;;;;;;;;22.24269097;;24.07243931;;;;
México;MEX;Población que vive en barrios de tugurios (% de la población urbana);EN.POP.SLUM.UR.ZS;;;;;;;;;;;;;;;;;;;;;;;;;;;;;;;23.10000038;;;;;21.5;;;;;19.89999962;;;;;14.39999962;;;;;;;;;11.10000038;;16;;16;;;;
Islas Marshall;MHL;Población que vive en barrios de tugurios (% de la población urbana);EN.POP.SLUM.UR.ZS;;;;;;;;;;;;;;;;;;;;;;;;;;;;;;;;;;;;;;;;;;;;;;;;;;;;;;;;;;;;;;;
 Ingreso mediano;MIC;Población que vive en barrios de tugurios (% de la población urbana);EN.POP.SLUM.UR.ZS;;;;;;;;;;;;;;;;;;;;;;;;;;;;;;;46.52463932;;;;;42.5341097;;;;;38.60423806;;;;;34.27268954;;;;;31.48563519;;;;27.18524478;;30.63265051;;28.75149257;;;;
Macedonia del Norte;MKD;Población que vive en barrios de tugurios (% de la población urbana);EN.POP.SLUM.UR.ZS;;;;;;;;;;;;;;;;;;;;;;;;;;;;;;;;;;;;;;;;;;;;;;;;;;;;;;;;;8.300000191;;8.300000191;;;;
Malí;MLI;Población que vive en barrios de tugurios (% de la población urbana);EN.POP.SLUM.UR.ZS;;;;;;;;;;;;;;;;;;;;;;;;;;;;;;;94.19999695;;;;;84.80000305;;;;;75.40000153;;;;;65.90000153;;;;;65.90000153;;;;56.29999924;;47;;47.20000076;;;;
Malta;MLT;Población que vive en barrios de tugurios (% de la población urbana);EN.POP.SLUM.UR.ZS;;;;;;;;;;;;;;;;;;;;;;;;;;;;;;;;;;;;;;;;;;;;;;;;;;;;;;;;;;;;;;;
Myanmar;MMR;Población que vive en barrios de tugurios (% de la población urbana);EN.POP.SLUM.UR.ZS;;;;;;;;;;;;;;;;;;;;;;;;;;;;;;;;;;;;;;;;;;;;;;45.59999847;;;;;;;;;41;;56.59999847;;56.09999847;;;;
Oriente Medio y Norte de África (excluido altos ingresos);MNA;Población que vive en barrios de tugurios (% de la población urbana);EN.POP.SLUM.UR.ZS;;;;;;;;;;;;;;;;;;;;;;;;;;;;;;;;;;;;;;;;;;;;;;;;;;;;;;;;;22.24269097;;25.20530372;;;;
Montenegro;MNE;Población que vive en barrios de tugurios (% de la población urbana);EN.POP.SLUM.UR.ZS;;;;;;;;;;;;;;;;;;;;;;;;;;;;;;;;;;;;;;;;;;;;;;;;;;;;;;;;;27.10000038;;27.10000038;;;;
Mongolia;MNG;Población que vive en barrios de tugurios (% de la población urbana);EN.POP.SLUM.UR.ZS;;;;;;;;;;;;;;;;;;;;;;;;;;;;;;;68.5;;;;;66.69999695;;;;;64.90000153;;;;;57.90000153;;;;;;;;;42.70000076;;38.29999924;;38.29999924;;;;
Mariana;MNP;Población que vive en barrios de tugurios (% de la población urbana);EN.POP.SLUM.UR.ZS;;;;;;;;;;;;;;;;;;;;;;;;;;;;;;;;;;;;;;;;;;;;;;;;;;;;;;;;;;;;;;;
Mozambique;MOZ;Población que vive en barrios de tugurios (% de la población urbana);EN.POP.SLUM.UR.ZS;;;;;;;;;;;;;;;;;;;;;;;;;;;;;;;75.59999847;;;;;76.90000153;;;;;78.19999695;;;;;79.5;;;;;80.5;;;;80.30000305;;76.69999695;;77.19999695;;;;
Mauritania;MRT;Población que vive en barrios de tugurios (% de la población urbana);EN.POP.SLUM.UR.ZS;;;;;;;;;;;;;;;;;;;;;;;;;;;;;;;;;;;;;;;;;;;;;;;;;;;;;;;79.90000153;;79.5;;73.19999695;;;;
Mauricio;MUS;Población que vive en barrios de tugurios (% de la población urbana);EN.POP.SLUM.UR.ZS;;;;;;;;;;;;;;;;;;;;;;;;;;;;;;;;;;;;;;;;;;;;;;;;;;;;;;;;;;;;;;;
Malawi;MWI;Población que vive en barrios de tugurios (% de la población urbana);EN.POP.SLUM.UR.ZS;;;;;;;;;;;;;;;;;;;;;;;;;;;;;;;66.40000153;;;;;66.40000153;;;;;66.40000153;;;;;66.40000153;;;;;68.90000153;;;;66.69999695;;67;;65.09999847;;;;
Malasia;MYS;Población que vive en barrios de tugurios (% de la población urbana);EN.POP.SLUM.UR.ZS;;;;;;;;;;;;;;;;;;;;;;;;;;;;;;;;;;;;;;;;;;;;;;;;;;;;;;;;;;;;;;;
América del Norte;NAC;Población que vive en barrios de tugurios (% de la población urbana);EN.POP.SLUM.UR.ZS;;;;;;;;;;;;;;;;;;;;;;;;;;;;;;;;;;;;;;;;;;;;;;;;;;;;;;;;;;;;;;;
Namibia;NAM;Población que vive en barrios de tugurios (% de la población urbana);EN.POP.SLUM.UR.ZS;;;;;;;;;;;;;;;;;;;;;;;;;;;;;;;34.40000153;;;;;34.09999847;;;;;33.90000153;;;;;33.90000153;;;;;33.5;;;;39.40000153;;42.29999924;;42.29999924;;;;
Nueva Caledonia;NCL;Población que vive en barrios de tugurios (% de la población urbana);EN.POP.SLUM.UR.ZS;;;;;;;;;;;;;;;;;;;;;;;;;;;;;;;;;;;;;;;;;;;;;;;;;;;;;;;;;;;;;;;
Níger;NER;Población que vive en barrios de tugurios (% de la población urbana);EN.POP.SLUM.UR.ZS;;;;;;;;;;;;;;;;;;;;;;;;;;;;;;;83.59999847;;;;;83.09999847;;;;;82.59999847;;;;;82.09999847;;;;;81.69999695;;;;70.09999847;;61.79999924;;58.79999924;;;;
Nigeria;NGA;Población que vive en barrios de tugurios (% de la población urbana);EN.POP.SLUM.UR.ZS;;;;;;;;;;;;;;;;;;;;;;;;;;;;;;;77.30000305;;;;;73.5;;;;;69.59999847;;;;;65.80000305;;;;;62.70000076;;;;50.20000076;;53.90000153;;53.90000153;;;;
Nicaragua;NIC;Población que vive en barrios de tugurios (% de la población urbana);EN.POP.SLUM.UR.ZS;;;;;;;;;;;;;;;;;;;;;;;;;;;;;;;89.09999847;;;;;74.5;;;;;60;;;;;45.5;;;;;;;;;45.5;;43.20000076;;42.20000076;;;;
Países Bajos;NLD;Población que vive en barrios de tugurios (% de la población urbana);EN.POP.SLUM.UR.ZS;;;;;;;;;;;;;;;;;;;;;;;;;;;;;;;;;;;;;;;;;;;;;;;;;;;;;;;;;;;;;;;
Noruega;NOR;Población que vive en barrios de tugurios (% de la población urbana);EN.POP.SLUM.UR.ZS;;;;;;;;;;;;;;;;;;;;;;;;;;;;;;;;;;;;;;;;;;;;;;;;;;;;;;;;;0.001;;0.001;;;;
Nepal;NPL;Población que vive en barrios de tugurios (% de la población urbana);EN.POP.SLUM.UR.ZS;;;;;;;;;;;;;;;;;;;;;;;;;;;;;;;70.59999847;;;;;67.30000305;;;;;64;;;;;60.70000076;;;;;58.09999847;;;;54.29999924;;51;;49.29999924;;;;
Nauru;NRU;Población que vive en barrios de tugurios (% de la población urbana);EN.POP.SLUM.UR.ZS;;;;;;;;;;;;;;;;;;;;;;;;;;;;;;;;;;;;;;;;;;;;;;;;;;;;;;;;;;;;;;;
Nueva Zelandia;NZL;Población que vive en barrios de tugurios (% de la población urbana);EN.POP.SLUM.UR.ZS;;;;;;;;;;;;;;;;;;;;;;;;;;;;;;;;;;;;;;;;;;;;;;;;;;;;;;;;;;;;;;;
Miembros OCDE;OED;Población que vive en barrios de tugurios (% de la población urbana);EN.POP.SLUM.UR.ZS;;;;;;;;;;;;;;;;;;;;;;;;;;;;;;;;;;;;;;;;;;;;;;;;;;;;;;;;;;;;;;;
Omán;OMN;Población que vive en barrios de tugurios (% de la población urbana);EN.POP.SLUM.UR.ZS;;;;;;;;;;;;;;;;;;;;;;;;;;;;;;;;;;;;;;;;;;;;;;;;;;;;;;;;;;;;;;;
Otros Estados pequeos;OSS;Población que vive en barrios de tugurios (% de la población urbana);EN.POP.SLUM.UR.ZS;;;;;;;;;;;;;;;;;;;;;;;;;;;;;;;;;;;;;;;;;;;;;;;;;;;;;;;;;;;;;;;
Pakistán;PAK;Población que vive en barrios de tugurios (% de la población urbana);EN.POP.SLUM.UR.ZS;;;;;;;;;;;;;;;;;;;;;;;;;;;;;;;51;;;;;49.79999924;;;;;48.70000076;;;;;47.5;;;;;46.59999847;;;;45.5;;40.79999924;;40.09999847;;;;
Panamá;PAN;Población que vive en barrios de tugurios (% de la población urbana);EN.POP.SLUM.UR.ZS;;;;;;;;;;;;;;;;;;;;;;;;;;;;;;;;;;;;;;;;;;;;;;23;;;;;;;;;25.79999924;;22.10000038;;22.10000038;;;;
Perú;PER;Población que vive en barrios de tugurios (% de la población urbana);EN.POP.SLUM.UR.ZS;;;;;;;;;;;;;;;;;;;;;;;;;;;;;;;66.40000153;;;;;56.29999924;;;;;46.20000076;;;;;36.09999847;;;;;;;;;34.20000076;;33.79999924;;33.09999847;;;;
Filipinas;PHL;Población que vive en barrios de tugurios (% de la población urbana);EN.POP.SLUM.UR.ZS;;;;;;;;;;;;;;;;;;;;;;;;;;;;;;;54.29999924;;;;;50.79999924;;;;;47.20000076;;;;;43.70000076;;;;;40.90000153;;;;38.29999924;;43.5;;42.90000153;;;;
Palau;PLW;Población que vive en barrios de tugurios (% de la población urbana);EN.POP.SLUM.UR.ZS;;;;;;;;;;;;;;;;;;;;;;;;;;;;;;;;;;;;;;;;;;;;;;;;;;;;;;;;;;;;;;;
Papua Nueva Guinea;PNG;Población que vive en barrios de tugurios (% de la población urbana);EN.POP.SLUM.UR.ZS;;;;;;;;;;;;;;;;;;;;;;;;;;;;;;;;;;;;;;;;;;;;;;;;;;;;;;;;;;;;;;;
Polonia;POL;Población que vive en barrios de tugurios (% de la población urbana);EN.POP.SLUM.UR.ZS;;;;;;;;;;;;;;;;;;;;;;;;;;;;;;;;;;;;;;;;;;;;;;;;;;;;;;;;;0.01;;0.01;;;;
previa al dividendo demográfico;PRE;Población que vive en barrios de tugurios (% de la población urbana);EN.POP.SLUM.UR.ZS;;;;;;;;;;;;;;;;;;;;;;;;;;;;;;;64.98864436;;;;;62.97231262;;;;;62.29188159;;;;;65.99578804;;;;;61.94771661;;;;58.71140264;;58.18483113;;57.10237189;;;;
Puerto Rico;PRI;Población que vive en barrios de tugurios (% de la población urbana);EN.POP.SLUM.UR.ZS;;;;;;;;;;;;;;;;;;;;;;;;;;;;;;;;;;;;;;;;;;;;;;;;;;;;;;;;;;;;;;;
Corea, República Popular Democrática de;PRK;Población que vive en barrios de tugurios (% de la población urbana);EN.POP.SLUM.UR.ZS;;;;;;;;;;;;;;;;;;;;;;;;;;;;;;;;;;;;;;;;;;;;;;;;;;;;;;;;;;;;;;;
Portugal;PRT;Población que vive en barrios de tugurios (% de la población urbana);EN.POP.SLUM.UR.ZS;;;;;;;;;;;;;;;;;;;;;;;;;;;;;;;;;;;;;;;;;;;;;;;;;;;;;;;;;3.599999905;;3.599999905;;;;
Paraguay;PRY;Población que vive en barrios de tugurios (% de la población urbana);EN.POP.SLUM.UR.ZS;;;;;;;;;;;;;;;;;;;;;;;;;;;;;;;;;;;;;;;;;;;;;;17.60000038;;;;;;;;;17.60000038;;;;17.10000038;;;;
Ribera Occidental y Gaza;PSE;Población que vive en barrios de tugurios (% de la población urbana);EN.POP.SLUM.UR.ZS;;;;;;;;;;;;;;;;;;;;;;;;;;;;;;;;;;;;;;;;;;;;;;;;;;;;;;;;;;;;;;;
Estados pequeos de las Islas del Pacfico;PSS;Población que vive en barrios de tugurios (% de la población urbana);EN.POP.SLUM.UR.ZS;;;;;;;;;;;;;;;;;;;;;;;;;;;;;;;;;;;;;;;;;;;;;;;;;;;;;;;;;;;;;;;
posterior al dividendo demográfico;PST;Población que vive en barrios de tugurios (% de la población urbana);EN.POP.SLUM.UR.ZS;;;;;;;;;;;;;;;;;;;;;;;;;;;;;;;;;;;;;;;;;;;;;;;;;;;;;;;;;;;;;;;
Polinesia Francesa;PYF;Población que vive en barrios de tugurios (% de la población urbana);EN.POP.SLUM.UR.ZS;;;;;;;;;;;;;;;;;;;;;;;;;;;;;;;;;;;;;;;;;;;;;;;;;;;;;;;;;;;;;;;
Qatar;QAT;Población que vive en barrios de tugurios (% de la población urbana);EN.POP.SLUM.UR.ZS;;;;;;;;;;;;;;;;;;;;;;;;;;;;;;;;;;;;;;;;;;;;;;;;;;;;;;;;;;;;;;;
Rumania;ROU;Población que vive en barrios de tugurios (% de la población urbana);EN.POP.SLUM.UR.ZS;;;;;;;;;;;;;;;;;;;;;;;;;;;;;;;;;;;;;;;;;;;;;;;;;;;;;;;;;14.39999962;;12.10000038;;;;
Federación de Rusia;RUS;Población que vive en barrios de tugurios (% de la población urbana);EN.POP.SLUM.UR.ZS;;;;;;;;;;;;;;;;;;;;;;;;;;;;;;;;;;;;;;;;;;;;;;;;;;;;;;;;;;;;;;;
Rwanda;RWA;Población que vive en barrios de tugurios (% de la población urbana);EN.POP.SLUM.UR.ZS;;;;;;;;;;;;;;;;;;;;;;;;;;;;;;;96;;;;;87.90000153;;;;;79.69999695;;;;;71.59999847;;;;;65.09999847;;;;53.20000076;;45.5;;42.09999847;;;;
Asia meridional;SAS;Población que vive en barrios de tugurios (% de la población urbana);EN.POP.SLUM.UR.ZS;;;;;;;;;;;;;;;;;;;;;;;;;;;;;;;56.91403212;;;;;51.35526262;;;;;45.53482803;;;;;39.75115503;;;;;34.77926611;;;;30.45940511;;38.09702545;;37.65609474;;;;
Arabia Saudita;SAU;Población que vive en barrios de tugurios (% de la población urbana);EN.POP.SLUM.UR.ZS;;;;;;;;;;;;;;;;;;;;;;;;;;;;;;;;;;;;;;;;;;;;;;18;;;;;;;;;18;;;;16.20000076;;;;
Sudán;SDN;Población que vive en barrios de tugurios (% de la población urbana);EN.POP.SLUM.UR.ZS;;;;;;;;;;;;;;;;;;;;;;;;;;;;;;;;;;;;;;;;;;;;;;;;;;;;;;;91.59999847;;93.59999847;;88.40000153;;;;
Senegal;SEN;Población que vive en barrios de tugurios (% de la población urbana);EN.POP.SLUM.UR.ZS;;;;;;;;;;;;;;;;;;;;;;;;;;;;;;;70.59999847;;;;;59.79999924;;;;;48.90000153;;;;;43.29999924;;;;;38.79999924;;;;38.79999924;;29.5;;29.5;;;;
Singapur;SGP;Población que vive en barrios de tugurios (% de la población urbana);EN.POP.SLUM.UR.ZS;;;;;;;;;;;;;;;;;;;;;;;;;;;;;;;;;;;;;;;;;;;;;;;;;;;;;;;;;;;;;;;
Islas Salomón;SLB;Población que vive en barrios de tugurios (% de la población urbana);EN.POP.SLUM.UR.ZS;;;;;;;;;;;;;;;;;;;;;;;;;;;;;;;;;;;;;;;;;;;;;;;;;;;;;;;;;;;;;;;
Sierra Leona;SLE;Población que vive en barrios de tugurios (% de la población urbana);EN.POP.SLUM.UR.ZS;;;;;;;;;;;;;;;;;;;;;;;;;;;;;;;;;;;;;;;;;;;;;;97;;;;;;;;;75.59999847;;59.79999924;;59.09999847;;;;
El Salvador;SLV;Población que vive en barrios de tugurios (% de la población urbana);EN.POP.SLUM.UR.ZS;;;;;;;;;;;;;;;;;;;;;;;;;;;;;;;;;;;;;;;;;;;;;;28.89999962;;;;;;;;;28.89999962;;22.39999962;;22.39999962;;;;
San Marino;SMR;Población que vive en barrios de tugurios (% de la población urbana);EN.POP.SLUM.UR.ZS;;;;;;;;;;;;;;;;;;;;;;;;;;;;;;;;;;;;;;;;;;;;;;;;;;;;;;;;;;;;;;;
Somalia;SOM;Población que vive en barrios de tugurios (% de la población urbana);EN.POP.SLUM.UR.ZS;;;;;;;;;;;;;;;;;;;;;;;;;;;;;;;;;;;;;;;;;;;;;;73.5;;;;;73.59999847;;;;73.59999847;;73.59999847;;72.09999847;;;;
Serbia;SRB;Población que vive en barrios de tugurios (% de la población urbana);EN.POP.SLUM.UR.ZS;;;;;;;;;;;;;;;;;;;;;;;;;;;;;;;;;;;;;;;;;;;;;;;;;;;;;;;;;3.599999905;;3.599999905;;;;
África al sur del Sahara (excluido altos ingresos);SSA;Población que vive en barrios de tugurios (% de la población urbana);EN.POP.SLUM.UR.ZS;;;;;;;;;;;;;;;;;;;;;;;;;;;;;;;67.12679759;;;;;63.94334148;;;;;61.83618427;;;;;61.36855048;;;;;57.29449496;;;;55.28840056;;54.47768133;;53.59901183;;;;
Sudán del Sur;SSD;Población que vive en barrios de tugurios (% de la población urbana);EN.POP.SLUM.UR.ZS;;;;;;;;;;;;;;;;;;;;;;;;;;;;;;;;;;;;;;;;;;;;;;;;;;;;;;;95.59999847;;97.30000305;;91.40000153;;;;
África al sur del Sahara;SSF;Población que vive en barrios de tugurios (% de la población urbana);EN.POP.SLUM.UR.ZS;;;;;;;;;;;;;;;;;;;;;;;;;;;;;;;67.12679759;;;;;63.94334148;;;;;61.83618427;;;;;61.36855048;;;;;57.29449496;;;;55.28840056;;54.47768133;;53.59901183;;;;
Pequeños Estados;SST;Población que vive en barrios de tugurios (% de la población urbana);EN.POP.SLUM.UR.ZS;;;;;;;;;;;;;;;;;;;;;;;;;;;;;;;;;;;;;;;;;;;;;;;;;;;;;;;;;;;;;;;
Santo Tomé y Príncipe;STP;Población que vive en barrios de tugurios (% de la población urbana);EN.POP.SLUM.UR.ZS;;;;;;;;;;;;;;;;;;;;;;;;;;;;;;;;;;;;;;;;;;;;;;;;;;;;;;;86.59999847;;86.59999847;;85.69999695;;;;
Suriname;SUR;Población que vive en barrios de tugurios (% de la población urbana);EN.POP.SLUM.UR.ZS;;;;;;;;;;;;;;;;;;;;;;;;;;;;;;;;;;;;;;;;;;;;;;3.900000095;;;;;;;;;7.300000191;;5.900000095;;5.900000095;;;;
República Eslovaca;SVK;Población que vive en barrios de tugurios (% de la población urbana);EN.POP.SLUM.UR.ZS;;;;;;;;;;;;;;;;;;;;;;;;;;;;;;;;;;;;;;;;;;;;;;;;;;;;;;;;;;;;;;;
Eslovenia;SVN;Población que vive en barrios de tugurios (% de la población urbana);EN.POP.SLUM.UR.ZS;;;;;;;;;;;;;;;;;;;;;;;;;;;;;;;;;;;;;;;;;;;;;;;;;;;;;;;;;3.700000048;;3.700000048;;;;
Suecia;SWE;Población que vive en barrios de tugurios (% de la población urbana);EN.POP.SLUM.UR.ZS;;;;;;;;;;;;;;;;;;;;;;;;;;;;;;;;;;;;;;;;;;;;;;;;;;;;;;;;;0.001;;0.001;;;;
Eswatini;SWZ;Población que vive en barrios de tugurios (% de la población urbana);EN.POP.SLUM.UR.ZS;;;;;;;;;;;;;;;;;;;;;;;;;;;;;;;;;;;;;;;;;;;;;;;;;;;;;;;32.70000076;;32.70000076;;32.09999847;;;;
Sint Maarten (Dutch part);SXM;Población que vive en barrios de tugurios (% de la población urbana);EN.POP.SLUM.UR.ZS;;;;;;;;;;;;;;;;;;;;;;;;;;;;;;;;;;;;;;;;;;;;;;;;;;;;;;;;;;;;;;;
Seychelles;SYC;Población que vive en barrios de tugurios (% de la población urbana);EN.POP.SLUM.UR.ZS;;;;;;;;;;;;;;;;;;;;;;;;;;;;;;;;;;;;;;;;;;;;;;;;;;;;;;;;;;;;;;;
República Árabe Siria;SYR;Población que vive en barrios de tugurios (% de la población urbana);EN.POP.SLUM.UR.ZS;;;;;;;;;;;;;;;;;;;;;;;;;;;;;;;;;;;;;;;;;;;;;;10.5;;;;;;;;;19.29999924;;15.30000019;;37.90000153;;;;
Islas Turcas y Caicos;TCA;Población que vive en barrios de tugurios (% de la población urbana);EN.POP.SLUM.UR.ZS;;;;;;;;;;;;;;;;;;;;;;;;;;;;;;;;;;;;;;;;;;;;;;;;;;;;;;;;;;;;;;;
Chad;TCD;Población que vive en barrios de tugurios (% de la población urbana);EN.POP.SLUM.UR.ZS;;;;;;;;;;;;;;;;;;;;;;;;;;;;;;;98.90000153;;;;;96.40000153;;;;;93.90000153;;;;;91.30000305;;;;;89.30000305;;;;88.19999695;;87;;86.90000153;;;;
Asia oriental y el Pacífico (BIRF y la AIF);TEA;Población que vive en barrios de tugurios (% de la población urbana);EN.POP.SLUM.UR.ZS;;;;;;;;;;;;;;;;;;;;;;;;;;;;;;;46.03760577;;;;;42.02115622;;;;;37.90196054;;;;;33.11725666;;;;;28.94926832;;;;25.79139343;;;;26.39512073;;;;
Europa y Asia central (BIRF y la AIF);TEC;Población que vive en barrios de tugurios (% de la población urbana);EN.POP.SLUM.UR.ZS;;;;;;;;;;;;;;;;;;;;;;;;;;;;;;;;;;;;;;;;;;;;;;;;;;;;;;;;;;;;;;;
Togo;TGO;Población que vive en barrios de tugurios (% de la población urbana);EN.POP.SLUM.UR.ZS;;;;;;;;;;;;;;;;;;;;;;;;;;;;;;;;;;;;;;;;;;;;;;62.09999847;;;;;;;;;51.20000076;;53;;54.29999924;;;;
Tailandia;THA;Población que vive en barrios de tugurios (% de la población urbana);EN.POP.SLUM.UR.ZS;;;;;;;;;;;;;;;;;;;;;;;;;;;;;;;;;;;;;;;;;;;;;;26;;;;;27;;;;25;;24.60000038;;23.70000076;;;;
Tayikistán;TJK;Población que vive en barrios de tugurios (% de la población urbana);EN.POP.SLUM.UR.ZS;;;;;;;;;;;;;;;;;;;;;;;;;;;;;;;;;;;;;;;;;;;;;;;;;;;;;;;;;26;;26;;;;
Turkmenistán;TKM;Población que vive en barrios de tugurios (% de la población urbana);EN.POP.SLUM.UR.ZS;;;;;;;;;;;;;;;;;;;;;;;;;;;;;;;;;;;;;;;;;;;;;;;;;;;;;;;;;;;;;;;
América Latina y el Caribe (BIRF y la AIF);TLA;Población que vive en barrios de tugurios (% de la población urbana);EN.POP.SLUM.UR.ZS;;;;;;;;;;;;;;;;;;;;;;;;;;;;;;;35.54968037;;;;;32.9587543;;;;;30.30920114;;;;;25.46223475;;;;;;;;;21.12164594;;20.68349901;;21.0040717;;;;
Timor-Leste;TLS;Población que vive en barrios de tugurios (% de la población urbana);EN.POP.SLUM.UR.ZS;;;;;;;;;;;;;;;;;;;;;;;;;;;;;;;;;;;;;;;;;;;;;;;;;;;;;;;;;34;;33.40000153;;;;
Oriente Medio y Norte de África (BIRF y la AIF);TMN;Población que vive en barrios de tugurios (% de la población urbana);EN.POP.SLUM.UR.ZS;;;;;;;;;;;;;;;;;;;;;;;;;;;;;;;;;;;;;;;;;;;;;;;;;;;;;;;;;22.24269097;;25.20530372;;;;
Tonga;TON;Población que vive en barrios de tugurios (% de la población urbana);EN.POP.SLUM.UR.ZS;;;;;;;;;;;;;;;;;;;;;;;;;;;;;;;;;;;;;;;;;;;;;;;;;;;;;;;;;;;;;;;
Asia meridional (BIRF y la AIF);TSA;Población que vive en barrios de tugurios (% de la población urbana);EN.POP.SLUM.UR.ZS;;;;;;;;;;;;;;;;;;;;;;;;;;;;;;;56.91403212;;;;;51.35526262;;;;;45.53482803;;;;;39.75115503;;;;;34.77926611;;;;30.45940511;;38.09702545;;37.65609474;;;;
África al sur del Sahara (BIRF y la AIF);TSS;Población que vive en barrios de tugurios (% de la población urbana);EN.POP.SLUM.UR.ZS;;;;;;;;;;;;;;;;;;;;;;;;;;;;;;;67.12679759;;;;;63.94334148;;;;;61.83618427;;;;;61.36855048;;;;;57.29449496;;;;55.28840056;;54.47768133;;53.59901183;;;;
Trinidad y Tobago;TTO;Población que vive en barrios de tugurios (% de la población urbana);EN.POP.SLUM.UR.ZS;;;;;;;;;;;;;;;;;;;;;;;;;;;;;;;;;;;;;;;;;;;;;;24.70000076;;;;;;;;;24.70000076;;5.400000095;;5.400000095;;;;
Túnez;TUN;Población que vive en barrios de tugurios (% de la población urbana);EN.POP.SLUM.UR.ZS;;;;;;;;;;;;;;;;;;;;;;;;;;;;;;;;;;;;;;;;;;;;;;;;;;;;;;;8;;8;;8.199999809;;;;
Turquía;TUR;Población que vive en barrios de tugurios (% de la población urbana);EN.POP.SLUM.UR.ZS;;;;;;;;;;;;;;;;;;;;;;;;;;;;;;;23.39999962;;;;;20.70000076;;;;;17.89999962;;;;;15.5;;;;;13;;;;11.89999962;;8.100000381;;8.600000381;;;;
Tuvalu;TUV;Población que vive en barrios de tugurios (% de la población urbana);EN.POP.SLUM.UR.ZS;;;;;;;;;;;;;;;;;;;;;;;;;;;;;;;;;;;;;;;;;;;;;;;;;;;;;;;;;;;;;;;
Tanzanía;TZA;Población que vive en barrios de tugurios (% de la población urbana);EN.POP.SLUM.UR.ZS;;;;;;;;;;;;;;;;;;;;;;;;;;;;;;;77.40000153;;;;;73.69999695;;;;;70.09999847;;;;;66.40000153;;;;;63.5;;;;50.70000076;;41.70000076;;40.09999847;;;;
Uganda;UGA;Población que vive en barrios de tugurios (% de la población urbana);EN.POP.SLUM.UR.ZS;;;;;;;;;;;;;;;;;;;;;;;;;;;;;;;75;;;;;75;;;;;75;;;;;66.69999695;;;;;60.09999847;;;;53.59999847;;47.5;;48.29999924;;;;
Ucrania;UKR;Población que vive en barrios de tugurios (% de la población urbana);EN.POP.SLUM.UR.ZS;;;;;;;;;;;;;;;;;;;;;;;;;;;;;;;;;;;;;;;;;;;;;;;;;;;;;;;;;19;;19;;;;
Ingreso mediano alto;UMC;Población que vive en barrios de tugurios (% de la población urbana);EN.POP.SLUM.UR.ZS;;;;;;;;;;;;;;;;;;;;;;;;;;;;;;;38.29427334;;;;;35.62551964;;;;;32.8222679;;;;;29.26825975;;;;;27.31292799;;;;23.12024132;;;;22.46067609;;;;
Uruguay;URY;Población que vive en barrios de tugurios (% de la población urbana);EN.POP.SLUM.UR.ZS;;;;;;;;;;;;;;;;;;;;;;;;;;;;;;;;;;;;;;;;;;;;;;;;;;;;;;;;;;;;;;;
Estados Unidos;USA;Población que vive en barrios de tugurios (% de la población urbana);EN.POP.SLUM.UR.ZS;;;;;;;;;;;;;;;;;;;;;;;;;;;;;;;;;;;;;;;;;;;;;;;;;;;;;;;;;;;;;;;
Uzbekistán;UZB;Población que vive en barrios de tugurios (% de la población urbana);EN.POP.SLUM.UR.ZS;;;;;;;;;;;;;;;;;;;;;;;;;;;;;;;;;;;;;;;;;;;;;;;;;;;;;;;;;52.20000076;;52.20000076;;;;
San Vicente y las Granadinas;VCT;Población que vive en barrios de tugurios (% de la población urbana);EN.POP.SLUM.UR.ZS;;;;;;;;;;;;;;;;;;;;;;;;;;;;;;;;;;;;;;;;;;;;;;;;;;;;;;;;;;;;;;;
Venezuela;VEN;Población que vive en barrios de tugurios (% de la población urbana);EN.POP.SLUM.UR.ZS;;;;;;;;;;;;;;;;;;;;;;;;;;;;;;;;;;;;;;;;;;;;;;32;;;;;;;;;32;;34.90000153;;44.09999847;;;;
Islas Vírgenes Británicas;VGB;Población que vive en barrios de tugurios (% de la población urbana);EN.POP.SLUM.UR.ZS;;;;;;;;;;;;;;;;;;;;;;;;;;;;;;;;;;;;;;;;;;;;;;;;;;;;;;;;;;;;;;;
Islas Vírgenes (EE.UU.);VIR;Población que vive en barrios de tugurios (% de la población urbana);EN.POP.SLUM.UR.ZS;;;;;;;;;;;;;;;;;;;;;;;;;;;;;;;;;;;;;;;;;;;;;;;;;;;;;;;;;;;;;;;
Viet Nam;VNM;Población que vive en barrios de tugurios (% de la población urbana);EN.POP.SLUM.UR.ZS;;;;;;;;;;;;;;;;;;;;;;;;;;;;;;;60.5;;;;;54.59999847;;;;;48.79999924;;;;;41.29999924;;;;;35.20000076;;;;27.20000076;;14.39999962;;13.80000019;;;;
Vanuatu;VUT;Población que vive en barrios de tugurios (% de la población urbana);EN.POP.SLUM.UR.ZS;;;;;;;;;;;;;;;;;;;;;;;;;;;;;;;;;;;;;;;;;;;;;;;;;;;;;;;;;;;;;;;
Mundo;WLD;Población que vive en barrios de tugurios (% de la población urbana);EN.POP.SLUM.UR.ZS;;;;;;;;;;;;;;;;;;;;;;;;;;;;;;;;;;;;;;;;;39.66155179;;;;;35.51056305;;;;;33.16848118;;;;29.61855376;;;;29.23613599;;;;
Samoa;WSM;Población que vive en barrios de tugurios (% de la población urbana);EN.POP.SLUM.UR.ZS;;;;;;;;;;;;;;;;;;;;;;;;;;;;;;;;;;;;;;;;;;;;;;;;;;;;;;;;;;;;;;;
Kosovo;XKX;Población que vive en barrios de tugurios (% de la población urbana);EN.POP.SLUM.UR.ZS;;;;;;;;;;;;;;;;;;;;;;;;;;;;;;;;;;;;;;;;;;;;;;;;;;;;;;;;;;;;;;;
Yemen, Rep. del;YEM;Población que vive en barrios de tugurios (% de la población urbana);EN.POP.SLUM.UR.ZS;;;;;;;;;;;;;;;;;;;;;;;;;;;;;;;;;;;;;;;;;;;;;;67.19999695;;;;;;;;;60.79999924;;56.40000153;;66.19999695;;;;
Sudáfrica;ZAF;Población que vive en barrios de tugurios (% de la población urbana);EN.POP.SLUM.UR.ZS;;;;;;;;;;;;;;;;;;;;;;;;;;;;;;;46.20000076;;;;;39.70000076;;;;;33.20000076;;;;;28.70000076;;;;;23;;;;23;;26.29999924;;25.60000038;;;;
Zambia;ZMB;Población que vive en barrios de tugurios (% de la población urbana);EN.POP.SLUM.UR.ZS;;;;;;;;;;;;;;;;;;;;;;;;;;;;;;;57;;;;;57.09999847;;;;;57.20000076;;;;;57.20000076;;;;;57.29999924;;;;54;;63.29999924;;54.59999847;;;;
Zimbabwe;ZWE;Población que vive en barrios de tugurios (% de la población urbana);EN.POP.SLUM.UR.ZS;;;;;;;;;;;;;;;;;;;;;;;;;;;;;;;4;;;;;3.700000048;;;;;3.299999952;;;;;17.89999962;;;;;24.10000038;;;;25.10000038;;28.29999924;;33.5;;;;
